name,age,location,bio
Linda Hudson,24,Hannahstad,"['Content Writing', 'Web Development']"
Bradley Quinn,46,East Jim,"['Teaching', 'Carpentry', 'Programming']"
Tina Dixon,26,East Nathan,"['Sales', 'Graphic Design', 'Content Writing']"
Rhonda Smith MD,41,Port Kathyborough,"['Carpentry', 'Machine Operation', 'Project Management', 'Web Development']"
Brenda Guerra,27,New Mariamouth,"['Project Management', 'Public Speaking', 'Nursing', 'Machine Operation', 'Technical Support']"
Angela Vasquez,63,Scottshire,"['Accounting', 'Marketing', 'Graphic Design', 'Project Management']"
Patricia Bean,40,Haneyville,['Web Development']
Peter Marshall,30,Lake Christopherside,"['Teaching', 'Programming']"
Holly Dunn,31,Port Michelle,"['Accounting', 'Programming']"
Jacqueline Benson,19,East Teresa,['Teaching']
Todd Padilla,29,Johnchester,"['Content Writing', 'Graphic Design']"
Mr. Eugene Hunt,23,Brandontown,"['Machine Operation', 'Public Speaking', 'Customer Service', 'Content Writing', 'Nursing']"
Brianna Decker,43,Peterhaven,"['Public Speaking', 'Nursing']"
Michelle Barton,33,Millerfurt,['Technical Support']
Mark Saunders,37,Kathyland,"['Machine Operation', 'Nursing', 'Technical Support', 'Data Analysis']"
Patrick Newman,29,Barnesmouth,"['Data Analysis', 'Content Writing', 'Sales']"
Tina Martinez,52,Andrewview,"['Public Speaking', 'Web Development']"
Brian Gould,41,Hamiltonton,"['Content Writing', 'Nursing']"
Daniel Harrison,22,North Kevinland,"['Sales', 'Machine Operation', 'Carpentry', 'Project Management']"
Paul Snow,60,North Gilbertport,"['Marketing', 'Teaching']"
Heather Briggs,63,Ryanfurt,['Accounting']
Kyle Moore,65,Geraldchester,"['Data Analysis', 'Public Speaking']"
William Wright,63,East Christina,"['Web Development', 'Sales', 'Programming', 'Public Speaking', 'Machine Operation']"
Anthony Stein,41,Jimmyshire,"['Graphic Design', 'Marketing', 'Machine Operation']"
James Howell,32,Warrenside,"['Programming', 'Sales', 'Machine Operation']"
Ashley Stevens,62,New Robinshire,"['Web Development', 'Project Management', 'Customer Service', 'Accounting']"
Linda Smith,37,North Steven,"['Content Writing', 'Project Management', 'Customer Service', 'Web Development']"
Rachel Baker MD,51,Zimmermanville,"['Nursing', 'Carpentry', 'Public Speaking']"
Brett James,32,Port Jamie,"['Marketing', 'Machine Operation']"
Teresa Rogers,35,Cruzburgh,['Web Development']
Matthew Griffin,26,Conradton,"['Accounting', 'Customer Service']"
Justin Nguyen,32,Chadshire,"['Machine Operation', 'Accounting', 'Public Speaking']"
Timothy King,52,Jonesside,['Machine Operation']
Michael Young,31,Wileyview,['Customer Service']
Heather Reilly,64,Perezborough,['Marketing']
Mindy Rivera,52,New Angela,['Customer Service']
Anthony Watson,46,Mitchellview,['Customer Service']
Dennis Gross,34,Ortizfurt,['Programming']
Michael Perkins,38,Reginaside,"['Content Writing', 'Nursing', 'Technical Support', 'Project Management', 'Accounting']"
Kristen Wilson,37,Port Travis,['Data Analysis']
Nancy Rhodes,59,Traceyfurt,"['Machine Operation', 'Sales', 'Programming', 'Carpentry', 'Public Speaking']"
David Garcia,21,Ashleychester,"['Sales', 'Data Analysis', 'Marketing']"
Molly White,29,Charlesland,"['Marketing', 'Web Development', 'Graphic Design', 'Programming', 'Sales']"
Spencer Lee,19,Lake Jenniferbury,"['Technical Support', 'Machine Operation', 'Public Speaking', 'Teaching']"
Matthew Taylor,52,Port Donald,"['Marketing', 'Customer Service', 'Programming', 'Sales', 'Graphic Design']"
Cody Holloway,36,Hamiltonview,"['Graphic Design', 'Web Development', 'Data Analysis', 'Machine Operation']"
Erin Abbott,48,Chapmanburgh,"['Teaching', 'Web Development', 'Nursing', 'Marketing']"
Dana Morgan,27,Meltonmouth,"['Marketing', 'Teaching', 'Data Analysis', 'Accounting', 'Customer Service']"
Melissa Gibson,37,North Troy,['Technical Support']
Jessica Davidson,60,Brownmouth,['Teaching']
Ann Thomas,58,North Samuel,"['Data Analysis', 'Sales', 'Content Writing', 'Nursing', 'Teaching']"
Karen Kim,45,Mirandamouth,"['Web Development', 'Project Management', 'Carpentry', 'Marketing', 'Programming']"
Anna Dunlap,55,Rodriguezbury,"['Programming', 'Marketing', 'Project Management', 'Customer Service', 'Machine Operation']"
Jennifer Lin,64,Port Mariestad,['Data Analysis']
Jessica Roman MD,62,Cisnerosmouth,"['Carpentry', 'Machine Operation']"
Emily Jackson,58,Elizabethshire,"['Marketing', 'Machine Operation', 'Public Speaking', 'Data Analysis']"
Tiffany Hunt,34,Lake Amychester,"['Programming', 'Customer Service', 'Machine Operation', 'Carpentry', 'Content Writing']"
Ashley James,64,Robertland,"['Carpentry', 'Marketing']"
Patricia Phillips,52,Haysfurt,"['Content Writing', 'Web Development', 'Graphic Design', 'Customer Service', 'Machine Operation']"
Elizabeth Doyle,32,Emilymouth,['Public Speaking']
Alexander Rosales,46,North Rachelland,"['Customer Service', 'Carpentry', 'Programming']"
Kevin Gonzalez,18,Georgeport,"['Project Management', 'Data Analysis', 'Technical Support', 'Nursing']"
Charles Johnson,37,New Jeffrey,"['Web Development', 'Graphic Design', 'Customer Service', 'Machine Operation']"
Leonard Martinez,32,East Yolandamouth,"['Web Development', 'Graphic Design', 'Nursing', 'Content Writing', 'Data Analysis']"
Janet Newton,26,Bethmouth,"['Web Development', 'Content Writing', 'Public Speaking', 'Sales', 'Customer Service']"
Christina Walker,34,South Joseph,"['Sales', 'Content Writing', 'Machine Operation', 'Teaching']"
Patrick Houston,30,North Dennischester,"['Carpentry', 'Technical Support', 'Teaching']"
Ronald Spencer,29,North Tinahaven,"['Public Speaking', 'Nursing', 'Graphic Design', 'Content Writing', 'Accounting']"
Mary Lopez,53,Nicholsside,"['Carpentry', 'Graphic Design', 'Nursing', 'Web Development']"
Jonathan Jackson,37,North Kaitlyn,"['Marketing', 'Public Speaking']"
Samantha Klein,56,New Lori,"['Data Analysis', 'Graphic Design']"
Lisa Oneal,23,Andersonport,"['Sales', 'Project Management', 'Content Writing', 'Accounting']"
Angela Thomas,20,West Sandra,"['Machine Operation', 'Data Analysis', 'Accounting', 'Graphic Design']"
Debbie Kelly,36,East Ellenview,"['Data Analysis', 'Programming', 'Technical Support', 'Project Management']"
Melanie Sanford,49,Matthewfort,['Accounting']
Brittany Gallegos,45,Hernandezmouth,"['Public Speaking', 'Marketing', 'Technical Support', 'Nursing']"
Jason Short,37,South Alexandrashire,"['Nursing', 'Data Analysis', 'Teaching', 'Public Speaking', 'Web Development']"
James Hartman,52,Port Christopherstad,"['Web Development', 'Marketing']"
Derek Austin,20,East Keith,['Customer Service']
Jennifer Jimenez,35,Lanechester,"['Content Writing', 'Carpentry', 'Teaching', 'Technical Support']"
Micheal Garcia,45,Underwoodstad,['Graphic Design']
Matthew Sullivan,52,Huntstad,"['Carpentry', 'Sales', 'Accounting', 'Marketing', 'Public Speaking']"
Melissa Wong,27,Castillofort,['Marketing']
Stephanie Cook,32,East Anneland,['Web Development']
John Meyers,24,North David,"['Accounting', 'Carpentry']"
William Park,54,Paulside,['Technical Support']
Mallory Bullock,30,South Crystalton,"['Project Management', 'Public Speaking', 'Nursing', 'Carpentry']"
Corey Zuniga,23,North Marcmouth,"['Sales', 'Machine Operation', 'Carpentry', 'Teaching', 'Data Analysis']"
Ann Smith,55,Brownberg,"['Project Management', 'Carpentry', 'Data Analysis']"
Linda Stone,26,Moralestown,['Accounting']
Roger Wallace,44,Matthewbury,"['Programming', 'Public Speaking']"
Hailey Freeman,36,New Brandon,"['Accounting', 'Public Speaking', 'Content Writing', 'Marketing']"
Christina Ramirez,45,East Gregory,"['Customer Service', 'Accounting']"
Sandra Williamson,54,Smithside,"['Graphic Design', 'Teaching', 'Carpentry', 'Public Speaking', 'Data Analysis']"
Angel Lyons,62,South Carolynburgh,"['Project Management', 'Graphic Design']"
Brenda Gonzalez,36,Amandaland,"['Technical Support', 'Public Speaking', 'Carpentry', 'Teaching']"
Ashley Murphy,18,North Abigail,"['Machine Operation', 'Content Writing', 'Graphic Design']"
Katherine Smith,60,Colemanstad,"['Nursing', 'Public Speaking']"
Michelle Ayers,25,Davidville,"['Technical Support', 'Project Management', 'Customer Service']"
Jennifer Walker,44,West Alexandramouth,"['Technical Support', 'Public Speaking', 'Teaching']"
Joseph Wall,31,Cameronstad,"['Public Speaking', 'Web Development', 'Carpentry']"
Christina Benjamin,32,Garyfort,"['Project Management', 'Programming', 'Accounting', 'Public Speaking']"
Thomas Fuller,48,Simpsonfurt,['Machine Operation']
Janet Black,21,Port Ronald,"['Nursing', 'Graphic Design']"
Rebecca Mitchell,64,West Paul,['Marketing']
Kayla Carrillo,35,Richardstad,"['Machine Operation', 'Accounting']"
James Nunez,61,New Melissaburgh,"['Nursing', 'Programming']"
Anna Spears,43,Samuelmouth,['Content Writing']
Martha Hodge,63,Port Andrewside,"['Project Management', 'Teaching', 'Data Analysis', 'Carpentry', 'Public Speaking']"
Evelyn Collins,48,Morrisonchester,"['Machine Operation', 'Public Speaking']"
Tracey Nguyen,61,Carrillomouth,['Teaching']
Colton Howe,44,Ellischester,"['Data Analysis', 'Technical Support', 'Nursing']"
Richard Wells,21,Jefferyview,"['Project Management', 'Public Speaking', 'Marketing']"
Mrs. Lisa Sanchez,59,Johnsonshire,"['Accounting', 'Graphic Design', 'Sales']"
Brian Allison,63,Lake Chelsey,"['Teaching', 'Machine Operation']"
Ethan Morse,32,Mckinneychester,['Customer Service']
Mr. Joshua Simpson,36,Averymouth,"['Graphic Design', 'Accounting', 'Marketing', 'Sales']"
Joshua Jones,49,East Rachelborough,"['Teaching', 'Customer Service', 'Accounting', 'Public Speaking', 'Programming']"
Mary Jenkins,25,Kevinland,"['Sales', 'Machine Operation', 'Accounting']"
Alexis Estes,39,Kimbury,['Project Management']
Linda Wilson,43,East Biancaburgh,"['Customer Service', 'Content Writing', 'Project Management', 'Web Development']"
Caleb Williams,40,Clarkchester,"['Carpentry', 'Public Speaking', 'Customer Service']"
Kelli Murray,60,Millerville,"['Teaching', 'Customer Service', 'Sales']"
Pamela Meyer,37,Suzanneville,"['Technical Support', 'Web Development', 'Teaching', 'Sales', 'Programming']"
Jeremiah Meyer,53,East Ronnie,"['Sales', 'Web Development']"
Jeffrey Newman,46,North Coleport,"['Teaching', 'Accounting', 'Carpentry', 'Marketing']"
Kristin Joseph,65,Karenborough,"['Nursing', 'Carpentry', 'Technical Support', 'Graphic Design']"
Jeffery Bond,55,Rodriguezshire,"['Programming', 'Sales']"
James King,63,Lake Evanstad,['Public Speaking']
Frank Love,54,West Robyn,"['Data Analysis', 'Programming', 'Accounting', 'Machine Operation']"
Claire Walter,25,Mccormicktown,"['Public Speaking', 'Carpentry', 'Nursing', 'Content Writing']"
Bradley Smith,18,East Susanside,"['Programming', 'Content Writing', 'Data Analysis', 'Machine Operation', 'Accounting']"
Gregory Walters,28,Schultzshire,"['Marketing', 'Web Development', 'Public Speaking', 'Carpentry']"
Lori Mann,55,East Andrewstad,"['Project Management', 'Technical Support', 'Nursing']"
Christie Maldonado,52,West Anthonychester,"['Nursing', 'Sales', 'Programming', 'Data Analysis']"
Kelly Miller,18,New Joshua,"['Accounting', 'Sales', 'Public Speaking', 'Web Development']"
Andrew Frank,62,Karenport,['Data Analysis']
Eric Morrison,57,Hernandezchester,"['Carpentry', 'Data Analysis']"
Natasha Turner,63,North Lisa,"['Public Speaking', 'Nursing']"
Micheal Solis,56,Travisstad,"['Sales', 'Accounting', 'Nursing', 'Programming']"
Dr. Hannah Bonilla,23,South Laurie,"['Data Analysis', 'Programming', 'Customer Service']"
Kathryn Hooper,58,Lake Edward,"['Graphic Design', 'Carpentry', 'Technical Support', 'Machine Operation']"
Matthew Brown,55,Samanthaport,['Customer Service']
Veronica Shaffer,46,South Janice,"['Carpentry', 'Nursing', 'Sales']"
Cameron Carey,21,New Russell,"['Accounting', 'Data Analysis', 'Programming', 'Graphic Design']"
Leslie Nelson,34,West Valerie,"['Marketing', 'Machine Operation', 'Sales', 'Project Management', 'Customer Service']"
Anna Sexton,49,Alanhaven,"['Sales', 'Public Speaking', 'Customer Service', 'Carpentry']"
Johnny Landry,24,North David,"['Graphic Design', 'Carpentry', 'Accounting', 'Teaching']"
Spencer Stone,19,Maryfurt,"['Sales', 'Programming']"
Matthew Humphrey,32,West William,"['Data Analysis', 'Carpentry', 'Public Speaking', 'Teaching', 'Web Development']"
Bryan Kane,18,Williamborough,"['Graphic Design', 'Programming', 'Web Development', 'Sales', 'Data Analysis']"
Elizabeth Oliver,65,New Amy,"['Web Development', 'Graphic Design', 'Technical Support']"
Stephanie Wiggins,32,Robertside,['Project Management']
Mark Phillips,19,Gregbury,"['Teaching', 'Public Speaking']"
Kimberly Warner DDS,18,New Christineview,['Data Analysis']
Richard Compton,60,South Janice,['Marketing']
Jesus Santiago,42,Fischerton,"['Accounting', 'Public Speaking']"
Karen Welch,28,West Nancy,"['Nursing', 'Machine Operation', 'Programming', 'Marketing']"
Danny Ortiz MD,36,East Gary,"['Teaching', 'Project Management', 'Public Speaking', 'Nursing']"
Sara Davis,49,East Samuel,['Marketing']
Kristine Coleman,46,Lake Stephenstad,"['Data Analysis', 'Marketing', 'Sales']"
Kayla Cochran,57,New Tina,['Nursing']
Meagan Ramirez,61,Jamesstad,"['Machine Operation', 'Accounting', 'Nursing']"
Anthony Harris,23,East Kaylee,"['Carpentry', 'Graphic Design', 'Public Speaking', 'Machine Operation']"
Jasmine Woodward,65,Lake Julian,['Accounting']
Zachary Lee,34,Dillonchester,['Public Speaking']
Justin Perez Jr.,55,Jenniferside,"['Marketing', 'Content Writing', 'Graphic Design', 'Programming']"
Brittney Smith,48,North Jonburgh,"['Content Writing', 'Teaching', 'Accounting', 'Web Development']"
Brenda Hanson,61,North Carol,"['Marketing', 'Machine Operation', 'Data Analysis']"
Chelsey Newman,42,Brownmouth,"['Technical Support', 'Accounting', 'Teaching', 'Customer Service']"
David Ross,39,Crawfordhaven,"['Accounting', 'Carpentry', 'Content Writing']"
Scott Thompson,34,West Brian,"['Carpentry', 'Customer Service']"
Ann Garcia,46,West Briantown,"['Programming', 'Web Development', 'Carpentry', 'Project Management']"
Judith Jones,44,Ortegaborough,"['Graphic Design', 'Carpentry', 'Content Writing']"
Kara Kane,31,Frostberg,"['Web Development', 'Technical Support', 'Machine Operation', 'Accounting']"
Tracy Garcia,23,North Glennland,"['Customer Service', 'Machine Operation']"
Mary Bryant,36,Lake Jessicafort,"['Project Management', 'Carpentry']"
Emily Castillo,29,North Devin,"['Machine Operation', 'Content Writing']"
Willie Phillips,58,East Elizabethstad,"['Sales', 'Programming', 'Machine Operation', 'Customer Service', 'Carpentry']"
Gabriel Morales,33,North Rebeccamouth,['Data Analysis']
Richard Hughes,33,Smithberg,"['Nursing', 'Technical Support', 'Sales', 'Programming']"
Michelle Phillips,46,North Marvinfort,"['Customer Service', 'Marketing', 'Web Development']"
Kelly Torres,22,Floresview,"['Project Management', 'Public Speaking', 'Customer Service', 'Marketing', 'Technical Support']"
Tammy Rivera,41,West Stephenmouth,"['Customer Service', 'Sales']"
Dr. Stacey Green,62,Benjaminview,"['Nursing', 'Accounting', 'Sales', 'Data Analysis']"
James Medina,59,Jameston,"['Data Analysis', 'Sales', 'Programming', 'Customer Service']"
Christopher Scott,63,West Bruceville,"['Public Speaking', 'Sales', 'Accounting', 'Machine Operation', 'Graphic Design']"
Sydney Wall,53,Taylorshire,"['Web Development', 'Marketing', 'Customer Service', 'Machine Operation']"
Robert Burton,41,Joshuaton,"['Content Writing', 'Accounting', 'Data Analysis']"
Ariel Thompson,41,East Paul,"['Public Speaking', 'Sales', 'Teaching']"
Theodore Gates,24,Port Elizabeth,['Technical Support']
Scott Moore DDS,18,Martinberg,"['Machine Operation', 'Customer Service']"
Gregory Lopez,50,East Elizabethhaven,"['Content Writing', 'Graphic Design', 'Public Speaking', 'Technical Support', 'Accounting']"
Sharon Mayer,58,New Michaeltown,"['Customer Service', 'Marketing', 'Teaching', 'Nursing', 'Project Management']"
Angela Lane,30,Port Anthony,"['Nursing', 'Web Development']"
Steven Navarro,43,Williamsview,"['Web Development', 'Public Speaking', 'Graphic Design', 'Machine Operation', 'Carpentry']"
Tamara Garcia,38,East Ronaldstad,"['Project Management', 'Sales', 'Programming', 'Public Speaking', 'Technical Support']"
Erika Jones,22,Nelsonfort,"['Accounting', 'Marketing', 'Nursing']"
Dave Griffin,37,Johnbury,"['Content Writing', 'Programming', 'Nursing', 'Accounting']"
Brandon Hernandez,55,Port Michael,['Customer Service']
David Lopez,28,East James,"['Data Analysis', 'Accounting', 'Customer Service', 'Content Writing', 'Carpentry']"
Nicole Hess,28,New Michelle,"['Carpentry', 'Data Analysis']"
Joseph Davenport,39,Richardberg,"['Accounting', 'Marketing', 'Public Speaking', 'Nursing']"
Rachel Miller,34,Martinville,['Data Analysis']
Jackson Waller,41,Christophermouth,"['Graphic Design', 'Public Speaking', 'Machine Operation', 'Marketing', 'Customer Service']"
Amanda Pope,26,Port Danielle,"['Project Management', 'Sales', 'Programming']"
Dennis Davis II,26,New Sheliaberg,"['Sales', 'Programming', 'Technical Support']"
Cheryl Young,35,South Christyside,['Customer Service']
Charles Williams,18,Port Jochester,"['Graphic Design', 'Teaching']"
Jonathan Johnson,61,Geraldburgh,"['Teaching', 'Content Writing', 'Programming', 'Sales']"
Kevin Arnold,27,Olsonport,['Content Writing']
Joshua Davis,65,Bonillahaven,"['Technical Support', 'Sales', 'Accounting', 'Graphic Design']"
Robert Patrick,49,West Heatherton,"['Content Writing', 'Data Analysis', 'Sales']"
Natasha Walsh,36,Port Charleshaven,"['Public Speaking', 'Marketing']"
Darlene Robertson,28,Kellyburgh,"['Graphic Design', 'Technical Support', 'Nursing', 'Data Analysis', 'Customer Service']"
Robert Hooper,22,Garyberg,['Programming']
Doris Gonzalez,36,East Kimberly,['Sales']
Aaron Silva,20,Angelburgh,"['Public Speaking', 'Programming', 'Accounting', 'Data Analysis']"
Carlos Montgomery,24,Susanborough,"['Content Writing', 'Carpentry', 'Marketing']"
Ashley Brown,45,Lake Benjamin,"['Teaching', 'Carpentry', 'Web Development', 'Marketing']"
Seth Douglas,26,East Christinachester,"['Marketing', 'Graphic Design', 'Project Management', 'Teaching', 'Machine Operation']"
Clayton White MD,43,North Matthewbury,['Teaching']
Eric Reeves,18,West Paulshire,"['Marketing', 'Public Speaking', 'Technical Support', 'Teaching']"
Donald Kane,25,Chaveztown,"['Sales', 'Technical Support', 'Nursing']"
Mckenzie Dudley,26,New Michaeltown,"['Content Writing', 'Accounting']"
Jeremy Jackson,45,Madelineborough,"['Web Development', 'Machine Operation', 'Data Analysis', 'Teaching']"
Melissa Prince,60,South Karen,"['Data Analysis', 'Carpentry', 'Teaching']"
Michael Garcia,51,Port Scott,['Web Development']
Devin Ayala,51,Amyland,"['Nursing', 'Public Speaking', 'Customer Service']"
Jamie Brewer,30,South Erikaburgh,['Marketing']
Katherine Stewart,39,East Rebeccamouth,['Data Analysis']
Melissa Brown,60,Nataliestad,"['Marketing', 'Project Management', 'Customer Service']"
Gregg Torres,32,Jaredstad,['Graphic Design']
Rachel Price,22,Lanehaven,['Sales']
Jason Rice,23,North Larry,"['Graphic Design', 'Customer Service']"
Luis Garcia,41,New Howard,"['Teaching', 'Technical Support', 'Accounting', 'Programming']"
Ricardo Harrison,24,East Georgeland,"['Project Management', 'Public Speaking', 'Teaching', 'Technical Support', 'Accounting']"
Nicole Rodriguez,44,Pittschester,"['Nursing', 'Teaching', 'Project Management', 'Web Development', 'Marketing']"
Patricia Richards,30,Port Marybury,"['Project Management', 'Content Writing']"
Cynthia Winters,56,Melissafort,['Public Speaking']
Danny Matthews,35,South Thomasville,"['Content Writing', 'Sales', 'Teaching']"
Brianna Oconnor,19,Brewermouth,"['Public Speaking', 'Project Management']"
Megan Hines,46,Port Amandaport,"['Sales', 'Technical Support', 'Data Analysis', 'Project Management', 'Nursing']"
Jamie Jensen,36,West Wendytown,"['Accounting', 'Nursing', 'Marketing']"
Bryan Mendoza,41,Johnberg,"['Content Writing', 'Programming']"
Brandon Watson Jr.,48,South Lisabury,"['Web Development', 'Teaching', 'Nursing']"
Valerie Garcia,37,Rickeyville,"['Data Analysis', 'Customer Service', 'Project Management', 'Nursing', 'Public Speaking']"
Leslie Figueroa,65,Robertburgh,['Programming']
Tracey Russell,25,West Travis,"['Technical Support', 'Programming', 'Customer Service']"
Lisa Curtis,46,East Jesse,"['Carpentry', 'Machine Operation', 'Content Writing', 'Graphic Design', 'Project Management']"
Zachary Vargas,40,New Isaacborough,"['Public Speaking', 'Nursing', 'Content Writing', 'Teaching', 'Graphic Design']"
Pamela Deleon,54,Lake Ravenbury,"['Carpentry', 'Machine Operation', 'Marketing', 'Customer Service', 'Nursing']"
Chris Lee,29,Port Kristin,"['Graphic Design', 'Sales', 'Programming']"
Raymond Smith,38,New Thomas,"['Technical Support', 'Project Management', 'Data Analysis', 'Graphic Design']"
Amber Perry,58,Katelynburgh,"['Web Development', 'Teaching', 'Project Management', 'Sales', 'Machine Operation']"
Brad Li,65,Danahaven,"['Carpentry', 'Sales', 'Technical Support']"
Samuel Reese,44,West Deborah,"['Web Development', 'Data Analysis', 'Customer Service', 'Nursing']"
Michael Solomon,59,Stevenland,['Teaching']
Karen Baker,38,Lake Ricardoland,['Content Writing']
Janet King,48,Campbellchester,"['Data Analysis', 'Machine Operation', 'Content Writing', 'Sales', 'Graphic Design']"
Leslie Wolfe,57,Hooperchester,"['Sales', 'Carpentry', 'Programming', 'Marketing', 'Graphic Design']"
Cory Norman,23,South Tammy,['Customer Service']
Mario Whitaker,30,Sierraborough,"['Project Management', 'Technical Support', 'Marketing', 'Nursing']"
Samuel Wilson,21,North Gary,"['Public Speaking', 'Sales']"
Michael Rojas,19,Fosterborough,"['Content Writing', 'Data Analysis', 'Marketing', 'Programming', 'Machine Operation']"
Edward Ortiz,41,Amymouth,"['Accounting', 'Content Writing', 'Graphic Design', 'Technical Support', 'Public Speaking']"
Kelly Terry,60,Joshuatown,"['Teaching', 'Programming', 'Public Speaking', 'Content Writing', 'Data Analysis']"
Melinda Palmer,43,North Josephside,['Customer Service']
Lindsey Mcconnell,62,Franklinchester,"['Public Speaking', 'Nursing', 'Machine Operation', 'Content Writing', 'Technical Support']"
Jacob Mckinney,50,New Sarahview,"['Sales', 'Carpentry', 'Technical Support', 'Marketing', 'Teaching']"
Henry Butler,37,South Michael,['Project Management']
Mackenzie Spencer,24,Jasontown,"['Teaching', 'Technical Support', 'Content Writing', 'Accounting', 'Customer Service']"
Adam Rangel,48,Christopherfort,"['Programming', 'Customer Service', 'Machine Operation', 'Graphic Design']"
Amber Summers,64,Williamstown,"['Machine Operation', 'Graphic Design']"
Jason Olson,29,Port Noahtown,"['Customer Service', 'Graphic Design']"
Jacob Taylor,21,Estradatown,"['Technical Support', 'Carpentry', 'Customer Service', 'Public Speaking', 'Marketing']"
Taylor Oconnor,32,South Johnchester,"['Project Management', 'Content Writing', 'Public Speaking', 'Technical Support', 'Graphic Design']"
Karen Montes,29,Ericafurt,"['Accounting', 'Nursing', 'Data Analysis', 'Customer Service', 'Programming']"
Jamie Carter,37,Alexanderfort,"['Programming', 'Web Development', 'Technical Support', 'Customer Service', 'Project Management']"
Randy Dunn,42,South Nicoleview,"['Nursing', 'Programming', 'Machine Operation', 'Graphic Design', 'Customer Service']"
Lauren Wilson,32,Port Kristaberg,['Public Speaking']
Mary Lee,49,Paulbury,['Public Speaking']
Christian Peters,52,Simonhaven,"['Machine Operation', 'Data Analysis', 'Technical Support', 'Web Development']"
Jennifer Meyer,32,North Aliciahaven,['Carpentry']
Michael Camacho,51,East Joshua,"['Marketing', 'Project Management', 'Web Development']"
Pamela Barber,37,Cooperside,"['Accounting', 'Sales', 'Nursing']"
Lisa Grant,25,Brownberg,"['Sales', 'Accounting']"
Cole Kelly,64,New Garybury,['Accounting']
Emily Olsen,41,Loganchester,"['Web Development', 'Machine Operation', 'Content Writing', 'Technical Support']"
Timothy Baldwin,36,Marymouth,['Accounting']
Brittney Wall,59,Lake Michael,"['Content Writing', 'Machine Operation', 'Accounting']"
Amanda West,21,Ginachester,"['Public Speaking', 'Web Development', 'Carpentry', 'Technical Support']"
Jamie Larson,32,Donaldberg,"['Web Development', 'Marketing', 'Machine Operation']"
George Daugherty,63,Port Dustin,"['Content Writing', 'Customer Service', 'Sales']"
Nicholas Strong,39,Alexanderland,['Customer Service']
Brandon Hunt,56,West Andresland,['Web Development']
Heidi Turner,53,Kennethchester,['Public Speaking']
Emily Clark,52,Wallaceside,"['Web Development', 'Customer Service', 'Marketing']"
Matthew Baker,47,New Derrick,"['Project Management', 'Carpentry', 'Technical Support', 'Content Writing', 'Data Analysis']"
Laura Ball,60,North Stevenshire,['Customer Service']
